
{
    "comment" : "This file is used to help set default values when using the dotnet CLI extension Amazon.ElasticBeanstalk.Tools. For more information run \"dotnet eb --help\" from the project root.",
    "profile" : "trusteduser",
    "region"  : "us-east-2",
    "application" : "Demo",
    "environment" : "Demo-env",
    "solution-stack" : "64bit Windows Server 2019 v2.6.4 running IIS 10.0",
    "iis-website"    : "Default Web Site",
    "app-path"       : "/",
    "enable-xray"    : true,
    "cname"          : "demoawsdemo-prod",
    "environment-type" : "SingleInstance",
    "instance-profile" : "aws-elasticbeanstalk-ec2-role",
    "service-role"     : "aws-elasticbeanstalk-service-role",
    "health-check-url" : "healthcheckapp.com",
    "instance-type"    : "t3a.medium",
    "key-pair"         : ""
}